url_path,views_total,views_unique
/demichie/IMEX_SfloW2D_v2,7,6
/demichie/IMEX_SfloW2D_v2/wiki/Example-4,7,3
/demichie/IMEX_SfloW2D_v2/tree/master,6,2
/demichie/IMEX_SfloW2D_v2/wiki/Example-2,5,2
/demichie/IMEX_SfloW2D_v2/tree/master/EXAMPLES,5,1
/demichie/IMEX_SfloW2D_v2/tree/master/EXAMPLES/EXAMPLE_TAAL,5,1
/demichie/IMEX_SfloW2D_v2/wiki/Example-3,4,2
/demichie/IMEX_SfloW2D_v2/wiki/Example-1,4,1
/demichie/IMEX_SfloW2D_v2/blob/master/src/constitutive_2d.f90,2,2
/demichie/IMEX_SfloW2D_v2/wiki,2,2
